{
	// comment 1
    "id": 12345, 
    "jsonrpc": "2.0", 
    "result": { // comment 2
        "affectsVersions": [], 
        "assignee": "mike@atlassian.com", 
        "attachmentNames": [],  // comment 3
        "components": [
            {
                "id": "10121",     
                "name": "Backend / Domain Model"
            }
        ], 
        "created": 1029379347880, 
        "customFieldValues": [
            {
                "customfieldId": "customfield_11130", 
                "key": null, 
                "values": [
                    "43020"
                ]
            }, 
            {
                "customfieldId": "customfield_10160", 
                "key": null, 
                "values": [
                    "2937600"
                ]
            }, 
            {
                "customfieldId": "customfield_10161", 
                "key": null, 
                "values": [
                    "true"
                ]
            }, 
            {
                "customfieldId": "customfield_10150", 
                "key": null, 
                "values": [
                    "bbaker", 
                    "mike@atlassian.com"
                ]
            }, 
            {
                "customfieldId": "customfield_10301", 
                "key": null, 
                "values": [
                    "<div class=\"notify info\" style=\"margin-bottom: 10px;\">\r\n<b>PLEASE NOTE:</b>\r\n<p>\r\nTest issues should be created in the <a href=\"http://jira.atlassian.com/secure/CreateIssue.jspa?pid=10420&issuetype=2\">Test Project</a>.\r\n</div>"
                ]
            }
        ], 
        "description": "Like JRA-662 for resolutions!", 
        "duedate": null, 
        "environment": null, 
        "fixVersions": [
            {
                "archived": true, 
                "id": "10280", 
                "name": "1.4", 
                "releaseDate": 1031634000000, 
                "released": true, 
                "sequence": 28
            }
        ], 
        "id": "11473", 
        "key": "JRA-666", 
        "priority": null, 
        "project": "JRA", 
        "reporter": "mike@atlassian.com", 
        "resolution": "1", 
        "status": "6", 
        "summary": "Ability to set custom resolutions", 
        "type": "2", 
        "updated": 1313718224836, 
        "votes": 0
    }
}
