build,benchmark,run,wall_s,peak_rss_time_l,peak_rss_vm,gc_minor,gc_major,gc_promoted_bytes,pause_p50_us,pause_p95_us,pause_max_us,exit
master,nbody,1,5.661984,5652480,5603328,0,0,0,0,0,0,0
v2026.9.4,nbody,1,5.651871,5341184,,,,,,,,0
master,nbody,2,5.661025,5603328,5554176,0,0,0,0,0,0,0
v2026.9.4,nbody,2,5.665063,5357568,,,,,,,,0
master,nbody,3,5.592254,5668864,5619712,0,0,0,0,0,0,0
v2026.9.4,nbody,3,5.637589,5292032,,,,,,,,0
master,nbody,4,5.615300,5668864,5619712,0,0,0,0,0,0,0
v2026.9.4,nbody,4,5.680549,5308416,,,,,,,,0
master,nbody,5,5.658847,5718016,5668864,0,0,0,0,0,0,0
v2026.9.4,nbody,5,5.650570,5308416,,,,,,,,0
master,nbody,6,5.662269,5701632,5652480,0,0,0,0,0,0,0
v2026.9.4,nbody,6,5.659002,5292032,,,,,,,,0
master,nbody,7,5.675241,5750784,5701632,0,0,0,0,0,0,0
v2026.9.4,nbody,7,5.646112,5341184,,,,,,,,0
master,nbody,8,5.624162,5668864,5619712,0,0,0,0,0,0,0
v2026.9.4,nbody,8,5.642264,5324800,,,,,,,,0
master,nbody,9,5.648649,5668864,5619712,0,0,0,0,0,0,0
v2026.9.4,nbody,9,5.629038,5341184,,,,,,,,0
master,nbody,10,5.610871,5668864,5619712,0,0,0,0,0,0,0
v2026.9.4,nbody,10,5.674056,5341184,,,,,,,,0
master,nbody,11,5.662389,5685248,5636096,0,0,0,0,0,0,0
v2026.9.4,nbody,11,5.648765,5308416,,,,,,,,0
master,nbody,12,5.669789,5685248,5636096,0,0,0,0,0,0,0
v2026.9.4,nbody,12,5.658475,5308416,,,,,,,,0
master,nbody,13,5.668310,5718016,5668864,0,0,0,0,0,0,0
v2026.9.4,nbody,13,5.665094,5341184,,,,,,,,0
master,nbody,14,5.609519,5668864,5619712,0,0,0,0,0,0,0
v2026.9.4,nbody,14,5.682564,5390336,,,,,,,,0
master,nbody,15,5.695689,5636096,5586944,0,0,0,0,0,0,0
v2026.9.4,nbody,15,5.689431,5341184,,,,,,,,0
master,binarytrees,1,2.009652,208879616,208879616,20,9,31909904,7336,25112,48739,0
v2026.9.4,binarytrees,1,2.076557,213778432,,,,,,,,0
master,binarytrees,2,2.011445,206897152,206897152,20,9,31909904,7555,25372,47490,0
v2026.9.4,binarytrees,2,2.084144,215728128,,,,,,,,0
master,binarytrees,3,2.009965,206913536,206913536,20,9,31909904,7425,25098,48846,0
v2026.9.4,binarytrees,3,2.068874,213794816,,,,,,,,0
master,binarytrees,4,2.017752,208797696,208797696,20,9,31909904,7437,25572,48563,0
v2026.9.4,binarytrees,4,2.071043,213762048,,,,,,,,0
master,binarytrees,5,2.013690,206913536,206913536,20,9,31909904,7499,25591,49229,0
v2026.9.4,binarytrees,5,2.066609,215465984,,,,,,,,0
master,binarytrees,6,2.010192,206897152,206897152,20,9,31909904,7246,25101,48527,0
v2026.9.4,binarytrees,6,2.069549,213794816,,,,,,,,0
master,binarytrees,7,2.015983,206897152,206897152,20,9,31909904,7582,25067,48686,0
v2026.9.4,binarytrees,7,2.086770,213696512,,,,,,,,0
master,binarytrees,8,2.011169,206979072,206979072,20,9,31909904,7265,25394,48118,0
v2026.9.4,binarytrees,8,2.076493,213778432,,,,,,,,0
master,binarytrees,9,2.023439,208896000,208896000,20,9,31909904,7598,25661,49209,0
v2026.9.4,binarytrees,9,2.076713,213794816,,,,,,,,0
master,binarytrees,10,2.017953,206946304,206946304,20,9,31909904,7455,26413,50263,0
v2026.9.4,binarytrees,10,2.076697,215711744,,,,,,,,0
master,binarytrees,11,2.016623,206848000,206848000,20,9,31909904,7464,25213,48844,0
v2026.9.4,binarytrees,11,2.074215,213778432,,,,,,,,0
master,binarytrees,12,2.019294,208879616,208879616,20,9,31909904,7799,24761,49693,0
v2026.9.4,binarytrees,12,2.085235,213762048,,,,,,,,0
master,binarytrees,13,2.013700,206864384,206864384,20,9,31909904,7381,25082,49295,0
v2026.9.4,binarytrees,13,2.081654,215711744,,,,,,,,0
master,binarytrees,14,2.029718,206929920,206929920,20,9,31909904,7488,25806,49003,0
v2026.9.4,binarytrees,14,2.090099,213745664,,,,,,,,0
master,binarytrees,15,2.029068,208814080,208814080,20,9,31909904,7572,25584,49454,0
v2026.9.4,binarytrees,15,2.073609,213762048,,,,,,,,0
master,spectralnorm,1,2.905773,6602752,6553600,0,0,0,0,0,0,0
v2026.9.4,spectralnorm,1,2.885347,6307840,,,,,,,,0
master,spectralnorm,2,2.867195,6569984,6520832,0,0,0,0,0,0,0
v2026.9.4,spectralnorm,2,2.902805,6275072,,,,,,,,0
master,spectralnorm,3,2.883463,6569984,6520832,0,0,0,0,0,0,0
v2026.9.4,spectralnorm,3,2.902087,6307840,,,,,,,,0
master,spectralnorm,4,2.875391,6619136,6569984,0,0,0,0,0,0,0
v2026.9.4,spectralnorm,4,2.888009,6340608,,,,,,,,0
master,spectralnorm,5,2.885310,6586368,6537216,0,0,0,0,0,0,0
v2026.9.4,spectralnorm,5,2.817648,6258688,,,,,,,,0
master,spectralnorm,6,2.901914,6668288,6619136,0,0,0,0,0,0,0
v2026.9.4,spectralnorm,6,2.894251,6258688,,,,,,,,0
master,spectralnorm,7,2.867419,6651904,6602752,0,0,0,0,0,0,0
v2026.9.4,spectralnorm,7,2.889057,6275072,,,,,,,,0
master,spectralnorm,8,2.909704,6750208,6701056,0,0,0,0,0,0,0
v2026.9.4,spectralnorm,8,2.910576,6291456,,,,,,,,0
master,spectralnorm,9,2.871591,6586368,6537216,0,0,0,0,0,0,0
v2026.9.4,spectralnorm,9,2.889307,6291456,,,,,,,,0
master,spectralnorm,10,2.842672,6668288,6619136,0,0,0,0,0,0,0
v2026.9.4,spectralnorm,10,2.877911,6356992,,,,,,,,0
master,spectralnorm,11,2.942777,6651904,6602752,0,0,0,0,0,0,0
v2026.9.4,spectralnorm,11,2.955710,6307840,,,,,,,,0
master,spectralnorm,12,2.919990,6684672,6635520,0,0,0,0,0,0,0
v2026.9.4,spectralnorm,12,2.885946,6275072,,,,,,,,0
master,spectralnorm,13,2.891818,6586368,6537216,0,0,0,0,0,0,0
v2026.9.4,spectralnorm,13,2.891383,6356992,,,,,,,,0
master,spectralnorm,14,2.896642,6586368,6537216,0,0,0,0,0,0,0
v2026.9.4,spectralnorm,14,2.886850,6275072,,,,,,,,0
master,spectralnorm,15,2.893746,6569984,6520832,0,0,0,0,0,0,0
v2026.9.4,spectralnorm,15,2.897481,6242304,,,,,,,,0
master,fannkuchredux,1,37.772312,5554176,5505024,0,0,0,0,0,0,0
v2026.9.4,fannkuchredux,1,37.706412,5259264,,,,,,,,0
master,fannkuchredux,2,37.308153,5619712,5570560,0,0,0,0,0,0,0
v2026.9.4,fannkuchredux,2,37.186706,5275648,,,,,,,,0
master,fannkuchredux,3,37.663335,5554176,5505024,0,0,0,0,0,0,0
v2026.9.4,fannkuchredux,3,37.675171,5226496,,,,,,,,0
master,fannkuchredux,4,37.220430,5554176,5505024,0,0,0,0,0,0,0
v2026.9.4,fannkuchredux,4,37.201632,5226496,,,,,,,,0
master,fannkuchredux,5,37.321303,5619712,5570560,0,0,0,0,0,0,0
v2026.9.4,fannkuchredux,5,37.356156,5226496,,,,,,,,0
master,fannkuchredux,6,37.521363,5554176,5505024,0,0,0,0,0,0,0
v2026.9.4,fannkuchredux,6,37.203024,5292032,,,,,,,,0
master,fannkuchredux,7,37.292313,5554176,5505024,0,0,0,0,0,0,0
v2026.9.4,fannkuchredux,7,37.194151,5226496,,,,,,,,0
master,fannkuchredux,8,37.444908,5537792,5488640,0,0,0,0,0,0,0
v2026.9.4,fannkuchredux,8,37.221361,5275648,,,,,,,,0
master,fannkuchredux,9,37.485364,5570560,5521408,0,0,0,0,0,0,0
v2026.9.4,fannkuchredux,9,37.578044,5210112,,,,,,,,0
master,fannkuchredux,10,37.832581,5554176,5505024,0,0,0,0,0,0,0
v2026.9.4,fannkuchredux,10,37.467287,5226496,,,,,,,,0
master,fannkuchredux,11,37.356431,5554176,5505024,0,0,0,0,0,0,0
v2026.9.4,fannkuchredux,11,37.669301,5259264,,,,,,,,0
master,fannkuchredux,12,37.264487,5554176,5505024,0,0,0,0,0,0,0
v2026.9.4,fannkuchredux,12,37.436810,5292032,,,,,,,,0
master,fannkuchredux,13,37.411044,5570560,5521408,0,0,0,0,0,0,0
v2026.9.4,fannkuchredux,13,37.203299,5242880,,,,,,,,0
master,fannkuchredux,14,37.276321,5586944,5537792,0,0,0,0,0,0,0
v2026.9.4,fannkuchredux,14,37.197384,5275648,,,,,,,,0
master,fannkuchredux,15,37.261359,5537792,5488640,0,0,0,0,0,0,0
v2026.9.4,fannkuchredux,15,37.300772,5226496,,,,,,,,0
master,fasta,1,11.502819,5996544,5947392,0,0,0,0,0,0,0
v2026.9.4,fasta,1,11.536844,5668864,,,,,,,,0
master,fasta,2,11.492175,5963776,5914624,0,0,0,0,0,0,0
v2026.9.4,fasta,2,11.398794,5668864,,,,,,,,0
master,fasta,3,11.446011,5996544,5947392,0,0,0,0,0,0,0
v2026.9.4,fasta,3,11.477402,5652480,,,,,,,,0
master,fasta,4,11.460231,5963776,5914624,0,0,0,0,0,0,0
v2026.9.4,fasta,4,11.475431,5636096,,,,,,,,0
master,fasta,5,11.446135,5980160,5931008,0,0,0,0,0,0,0
v2026.9.4,fasta,5,11.387656,5685248,,,,,,,,0
master,fasta,6,11.464049,6029312,5980160,0,0,0,0,0,0,0
v2026.9.4,fasta,6,11.496337,5718016,,,,,,,,0
master,fasta,7,11.644928,5947392,5898240,0,0,0,0,0,0,0
v2026.9.4,fasta,7,11.489944,5636096,,,,,,,,0
master,fasta,8,11.493872,6012928,5963776,0,0,0,0,0,0,0
v2026.9.4,fasta,8,11.437908,5636096,,,,,,,,0
master,fasta,9,11.557444,5898240,5849088,0,0,0,0,0,0,0
v2026.9.4,fasta,9,11.513670,5652480,,,,,,,,0
master,fasta,10,11.487005,5947392,5898240,0,0,0,0,0,0,0
v2026.9.4,fasta,10,11.435382,5652480,,,,,,,,0
master,fasta,11,11.454128,6029312,5980160,0,0,0,0,0,0,0
v2026.9.4,fasta,11,11.497670,5636096,,,,,,,,0
master,fasta,12,11.561864,5947392,5898240,0,0,0,0,0,0,0
v2026.9.4,fasta,12,11.474211,5603328,,,,,,,,0
master,fasta,13,11.448227,5947392,5898240,0,0,0,0,0,0,0
v2026.9.4,fasta,13,11.467240,5668864,,,,,,,,0
master,fasta,14,11.458382,5931008,5881856,0,0,0,0,0,0,0
v2026.9.4,fasta,14,11.510099,5619712,,,,,,,,0
master,fasta,15,11.484574,5947392,5898240,0,0,0,0,0,0,0
v2026.9.4,fasta,15,11.462738,5668864,,,,,,,,0
master,mandelbrot,1,2.201962,8110080,8060928,0,0,0,0,0,0,0
v2026.9.4,mandelbrot,1,2.217380,7634944,,,,,,,,0
master,mandelbrot,2,2.240219,8110080,8060928,0,0,0,0,0,0,0
v2026.9.4,mandelbrot,2,2.201697,7798784,,,,,,,,0
master,mandelbrot,3,2.298244,8093696,8060928,0,0,0,0,0,0,0
v2026.9.4,mandelbrot,3,2.222064,7782400,,,,,,,,0
master,mandelbrot,4,2.209744,8126464,8077312,0,0,0,0,0,0,0
v2026.9.4,mandelbrot,4,2.198474,7716864,,,,,,,,0
master,mandelbrot,5,2.188680,8126464,8077312,0,0,0,0,0,0,0
v2026.9.4,mandelbrot,5,2.218485,7684096,,,,,,,,0
master,mandelbrot,6,2.214145,8077312,8028160,0,0,0,0,0,0,0
v2026.9.4,mandelbrot,6,2.205042,7716864,,,,,,,,0
master,mandelbrot,7,2.213668,8142848,8093696,0,0,0,0,0,0,0
v2026.9.4,mandelbrot,7,2.225052,7815168,,,,,,,,0
master,mandelbrot,8,2.210077,8192000,8142848,0,0,0,0,0,0,0
v2026.9.4,mandelbrot,8,2.227207,7733248,,,,,,,,0
master,mandelbrot,9,2.212194,8060928,8044544,0,0,0,0,0,0,0
v2026.9.4,mandelbrot,9,2.219286,7782400,,,,,,,,0
master,mandelbrot,10,2.198602,8060928,8044544,0,0,0,0,0,0,0
v2026.9.4,mandelbrot,10,2.208598,7684096,,,,,,,,0
master,mandelbrot,11,2.199004,8044544,7995392,0,0,0,0,0,0,0
v2026.9.4,mandelbrot,11,2.224783,7749632,,,,,,,,0
master,mandelbrot,12,2.265873,8093696,8044544,0,0,0,0,0,0,0
v2026.9.4,mandelbrot,12,2.211557,7766016,,,,,,,,0
master,mandelbrot,13,2.241946,8175616,8126464,0,0,0,0,0,0,0
v2026.9.4,mandelbrot,13,2.214505,7847936,,,,,,,,0
master,mandelbrot,14,2.199368,8126464,8077312,0,0,0,0,0,0,0
v2026.9.4,mandelbrot,14,2.209700,7798784,,,,,,,,0
master,mandelbrot,15,2.218571,8093696,8044544,0,0,0,0,0,0,0
v2026.9.4,mandelbrot,15,2.220725,7798784,,,,,,,,0
master,bench_loop_invariant,1,0.014091,5357568,5308416,0,0,0,0,0,0,0
v2026.9.4,bench_loop_invariant,1,0.013867,5111808,,,,,,,,0
master,bench_loop_invariant,2,0.013899,5357568,5308416,0,0,0,0,0,0,0
v2026.9.4,bench_loop_invariant,2,0.013867,5079040,,,,,,,,0
master,bench_loop_invariant,3,0.014163,5423104,5373952,0,0,0,0,0,0,0
v2026.9.4,bench_loop_invariant,3,0.013731,5128192,,,,,,,,0
master,bench_loop_invariant,4,0.014439,5373952,5324800,0,0,0,0,0,0,0
v2026.9.4,bench_loop_invariant,4,0.014043,5062656,,,,,,,,0
master,bench_loop_invariant,5,0.013832,5439488,5390336,0,0,0,0,0,0,0
v2026.9.4,bench_loop_invariant,5,0.013761,5111808,,,,,,,,0
master,bench_loop_invariant,6,0.013792,5455872,5406720,0,0,0,0,0,0,0
v2026.9.4,bench_loop_invariant,6,0.013778,5046272,,,,,,,,0
master,bench_loop_invariant,7,0.013855,5373952,5324800,0,0,0,0,0,0,0
v2026.9.4,bench_loop_invariant,7,0.013892,5111808,,,,,,,,0
master,bench_loop_invariant,8,0.013918,5423104,5373952,0,0,0,0,0,0,0
v2026.9.4,bench_loop_invariant,8,0.013809,5062656,,,,,,,,0
master,bench_loop_invariant,9,0.013786,5423104,5373952,0,0,0,0,0,0,0
v2026.9.4,bench_loop_invariant,9,0.013679,5095424,,,,,,,,0
master,bench_loop_invariant,10,0.013724,5455872,5406720,0,0,0,0,0,0,0
v2026.9.4,bench_loop_invariant,10,0.013905,5062656,,,,,,,,0
master,bench_loop_invariant,11,0.013916,5357568,5308416,0,0,0,0,0,0,0
v2026.9.4,bench_loop_invariant,11,0.013870,5046272,,,,,,,,0
master,bench_loop_invariant,12,0.013731,5472256,5423104,0,0,0,0,0,0,0
v2026.9.4,bench_loop_invariant,12,0.013628,5095424,,,,,,,,0
master,bench_loop_invariant,13,0.013675,5406720,5357568,0,0,0,0,0,0,0
v2026.9.4,bench_loop_invariant,13,0.013591,5029888,,,,,,,,0
master,bench_loop_invariant,14,0.013693,5423104,5373952,0,0,0,0,0,0,0
v2026.9.4,bench_loop_invariant,14,0.013747,5013504,,,,,,,,0
master,bench_loop_invariant,15,0.013864,5373952,5324800,0,0,0,0,0,0,0
v2026.9.4,bench_loop_invariant,15,0.013636,5111808,,,,,,,,0
master,bench_cse,1,0.015929,5439488,5390336,0,0,0,0,0,0,0
v2026.9.4,bench_cse,1,0.017512,5062656,,,,,,,,0
master,bench_cse,2,0.017626,5373952,5324800,0,0,0,0,0,0,0
v2026.9.4,bench_cse,2,0.017455,5062656,,,,,,,,0
master,bench_cse,3,0.016701,5423104,5373952,0,0,0,0,0,0,0
v2026.9.4,bench_cse,3,0.017442,5062656,,,,,,,,0
master,bench_cse,4,0.017139,5439488,5390336,0,0,0,0,0,0,0
v2026.9.4,bench_cse,4,0.017530,5079040,,,,,,,,0
master,bench_cse,5,0.017619,5423104,5373952,0,0,0,0,0,0,0
v2026.9.4,bench_cse,5,0.017693,5013504,,,,,,,,0
master,bench_cse,6,0.017582,5390336,5341184,0,0,0,0,0,0,0
v2026.9.4,bench_cse,6,0.017559,5095424,,,,,,,,0
master,bench_cse,7,0.017587,5423104,5373952,0,0,0,0,0,0,0
v2026.9.4,bench_cse,7,0.017569,5111808,,,,,,,,0
master,bench_cse,8,0.017577,5439488,5390336,0,0,0,0,0,0,0
v2026.9.4,bench_cse,8,0.017520,5095424,,,,,,,,0
master,bench_cse,9,0.016503,5406720,5357568,0,0,0,0,0,0,0
v2026.9.4,bench_cse,9,0.016861,5111808,,,,,,,,0
master,bench_cse,10,0.017994,5423104,5373952,0,0,0,0,0,0,0
v2026.9.4,bench_cse,10,0.017692,5062656,,,,,,,,0
master,bench_cse,11,0.017579,5406720,5357568,0,0,0,0,0,0,0
v2026.9.4,bench_cse,11,0.017407,5111808,,,,,,,,0
master,bench_cse,12,0.017652,5439488,5390336,0,0,0,0,0,0,0
v2026.9.4,bench_cse,12,0.017447,5128192,,,,,,,,0
master,bench_cse,13,0.017656,5423104,5373952,0,0,0,0,0,0,0
v2026.9.4,bench_cse,13,0.013611,5013504,,,,,,,,0
master,bench_cse,14,0.017709,5455872,5406720,0,0,0,0,0,0,0
v2026.9.4,bench_cse,14,0.013559,5111808,,,,,,,,0
master,bench_cse,15,0.017369,5406720,5357568,0,0,0,0,0,0,0
v2026.9.4,bench_cse,15,0.017440,5111808,,,,,,,,0
master,bench_strength_ext,1,0.049136,5439488,5390336,0,0,0,0,0,0,0
v2026.9.4,bench_strength_ext,1,0.048430,5046272,,,,,,,,0
master,bench_strength_ext,2,0.048466,5406720,5357568,0,0,0,0,0,0,0
v2026.9.4,bench_strength_ext,2,0.048880,5046272,,,,,,,,0
master,bench_strength_ext,3,0.049411,5455872,5406720,0,0,0,0,0,0,0
v2026.9.4,bench_strength_ext,3,0.048930,5079040,,,,,,,,0
master,bench_strength_ext,4,0.049150,5373952,5324800,0,0,0,0,0,0,0
v2026.9.4,bench_strength_ext,4,0.048945,5111808,,,,,,,,0
master,bench_strength_ext,5,0.049301,5439488,5390336,0,0,0,0,0,0,0
v2026.9.4,bench_strength_ext,5,0.048677,5095424,,,,,,,,0
master,bench_strength_ext,6,0.048913,5373952,5324800,0,0,0,0,0,0,0
v2026.9.4,bench_strength_ext,6,0.049839,5029888,,,,,,,,0
master,bench_strength_ext,7,0.049266,5423104,5373952,0,0,0,0,0,0,0
v2026.9.4,bench_strength_ext,7,0.048640,5046272,,,,,,,,0
master,bench_strength_ext,8,0.049073,5423104,5373952,0,0,0,0,0,0,0
v2026.9.4,bench_strength_ext,8,0.048443,5095424,,,,,,,,0
master,bench_strength_ext,9,0.048866,5357568,5308416,0,0,0,0,0,0,0
v2026.9.4,bench_strength_ext,9,0.049206,5029888,,,,,,,,0
master,bench_strength_ext,10,0.049231,5390336,5341184,0,0,0,0,0,0,0
v2026.9.4,bench_strength_ext,10,0.048812,5079040,,,,,,,,0
master,bench_strength_ext,11,0.049600,5455872,5406720,0,0,0,0,0,0,0
v2026.9.4,bench_strength_ext,11,0.048654,5046272,,,,,,,,0
master,bench_strength_ext,12,0.048576,5357568,5308416,0,0,0,0,0,0,0
v2026.9.4,bench_strength_ext,12,0.048618,5095424,,,,,,,,0
master,bench_strength_ext,13,0.048464,5373952,5324800,0,0,0,0,0,0,0
v2026.9.4,bench_strength_ext,13,0.048596,5095424,,,,,,,,0
master,bench_strength_ext,14,0.048830,5455872,5406720,0,0,0,0,0,0,0
v2026.9.4,bench_strength_ext,14,0.048517,5013504,,,,,,,,0
master,bench_strength_ext,15,0.049114,5357568,5308416,0,0,0,0,0,0,0
v2026.9.4,bench_strength_ext,15,0.048710,5079040,,,,,,,,0
master,bench_gc_churn,1,0.169300,139706368,139706368,3,0,288,4975,4975,5001,0
v2026.9.4,bench_gc_churn,1,0.172981,139345920,,,,,,,,0
master,bench_gc_churn,2,0.169759,139689984,139689984,3,0,288,4926,4926,4951,0
v2026.9.4,bench_gc_churn,2,0.171300,139296768,,,,,,,,0
master,bench_gc_churn,3,0.169543,139657216,139657216,3,0,288,4961,4961,5102,0
v2026.9.4,bench_gc_churn,3,0.172825,139378688,,,,,,,,0
master,bench_gc_churn,4,0.169852,139722752,139722752,3,0,288,4923,4923,4981,0
v2026.9.4,bench_gc_churn,4,0.172931,139362304,,,,,,,,0
master,bench_gc_churn,5,0.169618,139673600,139673600,3,0,288,4980,4980,4989,0
v2026.9.4,bench_gc_churn,5,0.172080,139395072,,,,,,,,0
master,bench_gc_churn,6,0.170174,139673600,139673600,3,0,288,4903,4903,4905,0
v2026.9.4,bench_gc_churn,6,0.173416,139313152,,,,,,,,0
master,bench_gc_churn,7,0.169210,139657216,139657216,3,0,288,4988,4988,5033,0
v2026.9.4,bench_gc_churn,7,0.179144,139296768,,,,,,,,0
master,bench_gc_churn,8,0.177100,139689984,139689984,3,0,288,5000,5000,6227,0
v2026.9.4,bench_gc_churn,8,0.176759,139329536,,,,,,,,0
master,bench_gc_churn,9,0.171029,139624448,139624448,3,0,288,5009,5009,5978,0
v2026.9.4,bench_gc_churn,9,0.177177,139264000,,,,,,,,0
master,bench_gc_churn,10,0.171228,139657216,139657216,3,0,288,4983,4983,6007,0
v2026.9.4,bench_gc_churn,10,0.173877,139345920,,,,,,,,0
master,bench_gc_churn,11,0.170721,139657216,139657216,3,0,288,4886,4886,5900,0
v2026.9.4,bench_gc_churn,11,0.174206,139345920,,,,,,,,0
master,bench_gc_churn,12,0.171501,139673600,139673600,3,0,288,4985,4985,5888,0
v2026.9.4,bench_gc_churn,12,0.174598,139313152,,,,,,,,0
master,bench_gc_churn,13,0.169920,139673600,139673600,3,0,288,4986,4986,5308,0
v2026.9.4,bench_gc_churn,13,0.172204,139395072,,,,,,,,0
master,bench_gc_churn,14,0.167813,139673600,139673600,3,0,288,4996,4996,5305,0
v2026.9.4,bench_gc_churn,14,0.173420,139280384,,,,,,,,0
master,bench_gc_churn,15,0.170426,139657216,139657216,3,0,288,4977,4977,5475,0
v2026.9.4,bench_gc_churn,15,0.173780,139296768,,,,,,,,0
master,bench_gc_large_heap,1,0.026183,40452096,40402944,0,0,0,0,0,0,0
v2026.9.4,bench_gc_large_heap,1,0.026758,55164928,,,,,,,,0
master,bench_gc_large_heap,2,0.026123,40419328,40370176,0,0,0,0,0,0,0
v2026.9.4,bench_gc_large_heap,2,0.026735,55066624,,,,,,,,0
master,bench_gc_large_heap,3,0.026298,40452096,40402944,0,0,0,0,0,0,0
v2026.9.4,bench_gc_large_heap,3,0.027499,55083008,,,,,,,,0
master,bench_gc_large_heap,4,0.026297,40468480,40419328,0,0,0,0,0,0,0
v2026.9.4,bench_gc_large_heap,4,0.027456,55099392,,,,,,,,0
master,bench_gc_large_heap,5,0.026143,40501248,40452096,0,0,0,0,0,0,0
v2026.9.4,bench_gc_large_heap,5,0.026671,55148544,,,,,,,,0
master,bench_gc_large_heap,6,0.025773,40386560,40337408,0,0,0,0,0,0,0
v2026.9.4,bench_gc_large_heap,6,0.026751,55164928,,,,,,,,0
master,bench_gc_large_heap,7,0.025820,40452096,40402944,0,0,0,0,0,0,0
v2026.9.4,bench_gc_large_heap,7,0.026585,55099392,,,,,,,,0
master,bench_gc_large_heap,8,0.026014,40484864,40435712,0,0,0,0,0,0,0
v2026.9.4,bench_gc_large_heap,8,0.027567,55132160,,,,,,,,0
master,bench_gc_large_heap,9,0.026392,40452096,40402944,0,0,0,0,0,0,0
v2026.9.4,bench_gc_large_heap,9,0.027355,55083008,,,,,,,,0
master,bench_gc_large_heap,10,0.026466,40501248,40452096,0,0,0,0,0,0,0
v2026.9.4,bench_gc_large_heap,10,0.026692,55197696,,,,,,,,0
master,bench_gc_large_heap,11,0.026271,40435712,40386560,0,0,0,0,0,0,0
v2026.9.4,bench_gc_large_heap,11,0.027095,55164928,,,,,,,,0
master,bench_gc_large_heap,12,0.025624,40501248,40452096,0,0,0,0,0,0,0
v2026.9.4,bench_gc_large_heap,12,0.026665,55148544,,,,,,,,0
master,bench_gc_large_heap,13,0.026338,40501248,40452096,0,0,0,0,0,0,0
v2026.9.4,bench_gc_large_heap,13,0.027287,55148544,,,,,,,,0
master,bench_gc_large_heap,14,0.026134,40468480,40419328,0,0,0,0,0,0,0
v2026.9.4,bench_gc_large_heap,14,0.026707,55164928,,,,,,,,0
master,bench_gc_large_heap,15,0.025821,40435712,40386560,0,0,0,0,0,0,0
v2026.9.4,bench_gc_large_heap,15,0.027312,55164928,,,,,,,,0
master,bench_array_intensive,1,0.084501,5455872,5406720,0,0,0,0,0,0,0
v2026.9.4,bench_array_intensive,1,0.082019,5128192,,,,,,,,0
master,bench_array_intensive,2,0.084353,5472256,5423104,0,0,0,0,0,0,0
v2026.9.4,bench_array_intensive,2,0.082265,5128192,,,,,,,,0
master,bench_array_intensive,3,0.084816,5439488,5390336,0,0,0,0,0,0,0
v2026.9.4,bench_array_intensive,3,0.082206,5160960,,,,,,,,0
master,bench_array_intensive,4,0.084373,5455872,5406720,0,0,0,0,0,0,0
v2026.9.4,bench_array_intensive,4,0.081876,5177344,,,,,,,,0
master,bench_array_intensive,5,0.084494,5455872,5406720,0,0,0,0,0,0,0
v2026.9.4,bench_array_intensive,5,0.081865,5111808,,,,,,,,0
master,bench_array_intensive,6,0.084353,5439488,5390336,0,0,0,0,0,0,0
v2026.9.4,bench_array_intensive,6,0.081807,5193728,,,,,,,,0
master,bench_array_intensive,7,0.084518,5537792,5488640,0,0,0,0,0,0,0
v2026.9.4,bench_array_intensive,7,0.082055,5177344,,,,,,,,0
master,bench_array_intensive,8,0.084318,5521408,5472256,0,0,0,0,0,0,0
v2026.9.4,bench_array_intensive,8,0.081822,5177344,,,,,,,,0
master,bench_array_intensive,9,0.084939,5472256,5423104,0,0,0,0,0,0,0
v2026.9.4,bench_array_intensive,9,0.082095,5160960,,,,,,,,0
master,bench_array_intensive,10,0.084550,5488640,5439488,0,0,0,0,0,0,0
v2026.9.4,bench_array_intensive,10,0.082118,5144576,,,,,,,,0
master,bench_array_intensive,11,0.084556,5472256,5423104,0,0,0,0,0,0,0
v2026.9.4,bench_array_intensive,11,0.081888,5177344,,,,,,,,0
master,bench_array_intensive,12,0.084407,5505024,5455872,0,0,0,0,0,0,0
v2026.9.4,bench_array_intensive,12,0.081949,5144576,,,,,,,,0
master,bench_array_intensive,13,0.084605,5439488,5390336,0,0,0,0,0,0,0
v2026.9.4,bench_array_intensive,13,0.081948,5177344,,,,,,,,0
master,bench_array_intensive,14,0.084413,5455872,5406720,0,0,0,0,0,0,0
v2026.9.4,bench_array_intensive,14,0.081978,5160960,,,,,,,,0
master,bench_array_intensive,15,0.084729,5521408,5472256,0,0,0,0,0,0,0
v2026.9.4,bench_array_intensive,15,0.081936,5177344,,,,,,,,0
master,bench_matrix_multiply,1,0.266506,11550720,11501568,0,0,0,0,0,0,0
v2026.9.4,bench_matrix_multiply,1,0.194528,11239424,,,,,,,,0
master,bench_matrix_multiply,2,0.197154,11501568,11452416,0,0,0,0,0,0,0
v2026.9.4,bench_matrix_multiply,2,0.250680,11223040,,,,,,,,0
master,bench_matrix_multiply,3,0.269812,11501568,11452416,0,0,0,0,0,0,0
v2026.9.4,bench_matrix_multiply,3,0.230002,11157504,,,,,,,,0
master,bench_matrix_multiply,4,0.288519,11550720,11501568,0,0,0,0,0,0,0
v2026.9.4,bench_matrix_multiply,4,0.252692,11173888,,,,,,,,0
master,bench_matrix_multiply,5,0.210294,11517952,11468800,0,0,0,0,0,0,0
v2026.9.4,bench_matrix_multiply,5,0.201824,11206656,,,,,,,,0
master,bench_matrix_multiply,6,0.255538,11501568,11452416,0,0,0,0,0,0,0
v2026.9.4,bench_matrix_multiply,6,0.194210,11255808,,,,,,,,0
master,bench_matrix_multiply,7,0.345878,11517952,11468800,0,0,0,0,0,0,0
v2026.9.4,bench_matrix_multiply,7,0.193799,11239424,,,,,,,,0
master,bench_matrix_multiply,8,0.202996,11468800,11419648,0,0,0,0,0,0,0
v2026.9.4,bench_matrix_multiply,8,0.267592,11223040,,,,,,,,0
master,bench_matrix_multiply,9,0.294149,11485184,11436032,0,0,0,0,0,0,0
v2026.9.4,bench_matrix_multiply,9,0.217626,11223040,,,,,,,,0
master,bench_matrix_multiply,10,0.242146,11501568,11452416,0,0,0,0,0,0,0
v2026.9.4,bench_matrix_multiply,10,0.192628,11173888,,,,,,,,0
master,bench_matrix_multiply,11,0.202144,11517952,11468800,0,0,0,0,0,0,0
v2026.9.4,bench_matrix_multiply,11,0.236971,11173888,,,,,,,,0
master,bench_matrix_multiply,12,0.197968,11517952,11468800,0,0,0,0,0,0,0
v2026.9.4,bench_matrix_multiply,12,0.192019,11206656,,,,,,,,0
master,bench_matrix_multiply,13,0.219884,11485184,11436032,0,0,0,0,0,0,0
v2026.9.4,bench_matrix_multiply,13,0.211735,11206656,,,,,,,,0
master,bench_matrix_multiply,14,0.198973,11517952,11468800,0,0,0,0,0,0,0
v2026.9.4,bench_matrix_multiply,14,0.191722,11190272,,,,,,,,0
master,bench_matrix_multiply,15,0.197652,11550720,11501568,0,0,0,0,0,0,0
v2026.9.4,bench_matrix_multiply,15,0.191581,11141120,,,,,,,,0
master,bench_method_dispatch,1,0.372235,5455872,5406720,0,0,0,0,0,0,0
v2026.9.4,bench_method_dispatch,1,0.372909,5095424,,,,,,,,0
master,bench_method_dispatch,2,0.370509,5423104,5373952,0,0,0,0,0,0,0
v2026.9.4,bench_method_dispatch,2,0.372243,5095424,,,,,,,,0
master,bench_method_dispatch,3,0.371711,5406720,5357568,0,0,0,0,0,0,0
v2026.9.4,bench_method_dispatch,3,0.371314,5144576,,,,,,,,0
master,bench_method_dispatch,4,0.370719,5406720,5357568,0,0,0,0,0,0,0
v2026.9.4,bench_method_dispatch,4,0.373064,5095424,,,,,,,,0
master,bench_method_dispatch,5,0.372220,5488640,5439488,0,0,0,0,0,0,0
v2026.9.4,bench_method_dispatch,5,0.376261,5128192,,,,,,,,0
master,bench_method_dispatch,6,0.374938,5472256,5423104,0,0,0,0,0,0,0
v2026.9.4,bench_method_dispatch,6,0.372882,5079040,,,,,,,,0
master,bench_method_dispatch,7,0.371294,5423104,5373952,0,0,0,0,0,0,0
v2026.9.4,bench_method_dispatch,7,0.370399,5160960,,,,,,,,0
master,bench_method_dispatch,8,0.370476,5373952,5324800,0,0,0,0,0,0,0
v2026.9.4,bench_method_dispatch,8,0.370150,5062656,,,,,,,,0
master,bench_method_dispatch,9,0.371033,5439488,5390336,0,0,0,0,0,0,0
v2026.9.4,bench_method_dispatch,9,0.371128,5144576,,,,,,,,0
master,bench_method_dispatch,10,0.373291,5488640,5439488,0,0,0,0,0,0,0
v2026.9.4,bench_method_dispatch,10,0.373245,5111808,,,,,,,,0
master,bench_method_dispatch,11,0.376942,5455872,5406720,0,0,0,0,0,0,0
v2026.9.4,bench_method_dispatch,11,0.370409,5160960,,,,,,,,0
master,bench_method_dispatch,12,0.374137,5439488,5390336,0,0,0,0,0,0,0
v2026.9.4,bench_method_dispatch,12,0.372663,5160960,,,,,,,,0
master,bench_method_dispatch,13,0.373462,5423104,5373952,0,0,0,0,0,0,0
v2026.9.4,bench_method_dispatch,13,0.370229,5062656,,,,,,,,0
master,bench_method_dispatch,14,0.374023,5505024,5455872,0,0,0,0,0,0,0
v2026.9.4,bench_method_dispatch,14,0.373766,5079040,,,,,,,,0
master,bench_method_dispatch,15,0.371270,5390336,5341184,0,0,0,0,0,0,0
v2026.9.4,bench_method_dispatch,15,0.370381,5128192,,,,,,,,0
master,bench_copy_prop,1,0.058330,5423104,5373952,0,0,0,0,0,0,0
v2026.9.4,bench_copy_prop,1,0.058232,5095424,,,,,,,,0
master,bench_copy_prop,2,0.057903,5455872,5406720,0,0,0,0,0,0,0
v2026.9.4,bench_copy_prop,2,0.057967,5079040,,,,,,,,0
master,bench_copy_prop,3,0.058031,5357568,5308416,0,0,0,0,0,0,0
v2026.9.4,bench_copy_prop,3,0.059361,5111808,,,,,,,,0
master,bench_copy_prop,4,0.057996,5406720,5357568,0,0,0,0,0,0,0
v2026.9.4,bench_copy_prop,4,0.058569,5029888,,,,,,,,0
master,bench_copy_prop,5,0.058058,5373952,5324800,0,0,0,0,0,0,0
v2026.9.4,bench_copy_prop,5,0.057836,5079040,,,,,,,,0
master,bench_copy_prop,6,0.058245,5406720,5357568,0,0,0,0,0,0,0
v2026.9.4,bench_copy_prop,6,0.057882,5111808,,,,,,,,0
master,bench_copy_prop,7,0.057847,5390336,5341184,0,0,0,0,0,0,0
v2026.9.4,bench_copy_prop,7,0.057796,5079040,,,,,,,,0
master,bench_copy_prop,8,0.058138,5439488,5390336,0,0,0,0,0,0,0
v2026.9.4,bench_copy_prop,8,0.058302,5013504,,,,,,,,0
master,bench_copy_prop,9,0.057810,5373952,5324800,0,0,0,0,0,0,0
v2026.9.4,bench_copy_prop,9,0.058252,5079040,,,,,,,,0
master,bench_copy_prop,10,0.057890,5406720,5357568,0,0,0,0,0,0,0
v2026.9.4,bench_copy_prop,10,0.057742,5062656,,,,,,,,0
master,bench_copy_prop,11,0.060494,5406720,5357568,0,0,0,0,0,0,0
v2026.9.4,bench_copy_prop,11,0.058067,5029888,,,,,,,,0
master,bench_copy_prop,12,0.058040,5439488,5390336,0,0,0,0,0,0,0
v2026.9.4,bench_copy_prop,12,0.058290,5095424,,,,,,,,0
master,bench_copy_prop,13,0.058200,5390336,5341184,0,0,0,0,0,0,0
v2026.9.4,bench_copy_prop,13,0.058089,5029888,,,,,,,,0
master,bench_copy_prop,14,0.057907,5439488,5390336,0,0,0,0,0,0,0
v2026.9.4,bench_copy_prop,14,0.057819,5111808,,,,,,,,0
master,bench_copy_prop,15,0.058140,5406720,5357568,0,0,0,0,0,0,0
v2026.9.4,bench_copy_prop,15,0.058445,5013504,,,,,,,,0
master,bench_dead_code,1,0.051423,5423104,5373952,0,0,0,0,0,0,0
v2026.9.4,bench_dead_code,1,0.050653,5111808,,,,,,,,0
master,bench_dead_code,2,0.050952,5406720,5357568,0,0,0,0,0,0,0
v2026.9.4,bench_dead_code,2,0.051363,5079040,,,,,,,,0
master,bench_dead_code,3,0.051281,5357568,5308416,0,0,0,0,0,0,0
v2026.9.4,bench_dead_code,3,0.051403,5029888,,,,,,,,0
master,bench_dead_code,4,0.051119,5357568,5308416,0,0,0,0,0,0,0
v2026.9.4,bench_dead_code,4,0.051371,5095424,,,,,,,,0
master,bench_dead_code,5,0.051401,5373952,5324800,0,0,0,0,0,0,0
v2026.9.4,bench_dead_code,5,0.051064,5095424,,,,,,,,0
master,bench_dead_code,6,0.050920,5439488,5390336,0,0,0,0,0,0,0
v2026.9.4,bench_dead_code,6,0.050672,5029888,,,,,,,,0
master,bench_dead_code,7,0.051234,5423104,5373952,0,0,0,0,0,0,0
v2026.9.4,bench_dead_code,7,0.057500,5046272,,,,,,,,0
master,bench_dead_code,8,0.050590,5373952,5324800,0,0,0,0,0,0,0
v2026.9.4,bench_dead_code,8,0.050975,5128192,,,,,,,,0
master,bench_dead_code,9,0.051097,5455872,5406720,0,0,0,0,0,0,0
v2026.9.4,bench_dead_code,9,0.051187,5062656,,,,,,,,0
master,bench_dead_code,10,0.051163,5406720,5357568,0,0,0,0,0,0,0
v2026.9.4,bench_dead_code,10,0.051023,5079040,,,,,,,,0
master,bench_dead_code,11,0.051314,5439488,5390336,0,0,0,0,0,0,0
v2026.9.4,bench_dead_code,11,0.051359,5095424,,,,,,,,0
master,bench_dead_code,12,0.050863,5406720,5357568,0,0,0,0,0,0,0
v2026.9.4,bench_dead_code,12,0.051569,5128192,,,,,,,,0
master,bench_dead_code,13,0.053374,5390336,5341184,0,0,0,0,0,0,0
v2026.9.4,bench_dead_code,13,0.051816,5046272,,,,,,,,0
master,bench_dead_code,14,0.050858,5373952,5324800,0,0,0,0,0,0,0
v2026.9.4,bench_dead_code,14,0.051770,5095424,,,,,,,,0
master,bench_dead_code,15,0.051248,5406720,5357568,0,0,0,0,0,0,0
v2026.9.4,bench_dead_code,15,0.050901,5095424,,,,,,,,0
