benchmark,nursery,run,wall_s,peak_rss_bytes,peak_rss_source,peak_rss_vm,gc_minor,gc_major,gc_promoted_objects,gc_promoted_bytes,pause_p50_us,pause_p95_us,pause_max_us,exit
binarytrees,16m,1,6.819305,91086848,win_psapi,91086848,176,22,2894902,162114496,12001,112626,193696,0
binarytrees,16m,2,6.468142,90415104,win_psapi,90415104,176,22,2894902,162114496,11505,102154,164317,0
binarytrees,16m,3,6.763292,90763264,win_psapi,90763264,176,22,2894902,162114496,11800,106680,166204,0
binarytrees,16m,4,6.791307,91054080,win_psapi,91054080,176,22,2894902,162114496,11675,111740,178529,0
binarytrees,16m,5,7.746459,90451968,win_psapi,90451968,176,22,2894902,162114496,13051,121655,198146,0
binarytrees,16m,6,6.362624,90529792,win_psapi,90529792,176,22,2894902,162114496,12169,94408,140662,0
binarytrees,16m,7,6.861186,91222016,win_psapi,91222016,176,22,2894902,162114496,12889,105713,172746,0
binarytrees,16m,8,7.222498,91222016,win_psapi,91222016,176,22,2894902,162114496,12945,110368,176006,0
binarytrees,16m,9,6.611852,91111424,win_psapi,91111424,176,22,2894902,162114496,12490,99344,148634,0
binarytrees,16m,10,7.762587,90456064,win_psapi,90456064,176,22,2894902,162114496,14385,113591,185343,0
binarytrees,16m,11,6.849346,90537984,win_psapi,90537984,176,22,2894902,162114496,12415,105100,169114,0
binarytrees,16m,12,7.305389,90755072,win_psapi,90755072,176,22,2894902,162114496,13512,103353,217973,0
binarytrees,16m,13,7.245739,90517504,win_psapi,90517504,176,22,2894902,162114496,13715,100240,170289,0
binarytrees,16m,14,6.705282,90988544,win_psapi,90988544,176,22,2894902,162114496,11417,101272,186461,0
binarytrees,16m,15,6.416168,90759168,win_psapi,90759168,176,22,2894902,162114496,11315,100383,183957,0
binarytrees,32m,1,4.394160,103919616,win_psapi,103919616,85,14,1414609,79218088,16942,93275,145524,0
binarytrees,32m,2,4.264359,104181760,win_psapi,104181760,85,14,1414609,79218088,16096,94308,146951,0
binarytrees,32m,3,4.405107,103825408,win_psapi,103825408,85,14,1414609,79218088,15995,100920,140593,0
binarytrees,32m,4,4.364053,103825408,win_psapi,103825408,85,14,1414609,79218088,16417,99382,137231,0
binarytrees,32m,5,4.324270,104091648,win_psapi,104091648,85,14,1414609,79218088,14892,92641,150475,0
binarytrees,32m,6,4.444201,103706624,win_psapi,103706624,85,14,1414609,79218088,15687,97099,167998,0
binarytrees,32m,7,4.469523,104235008,win_psapi,104235008,85,14,1414609,79218088,16965,94311,144935,0
binarytrees,32m,8,4.305300,103645184,win_psapi,103645184,85,14,1414609,79218088,16150,89636,140522,0
binarytrees,32m,9,4.400801,103829504,win_psapi,103829504,85,14,1414609,79218088,16087,95239,168984,0
binarytrees,32m,10,4.344699,104071168,win_psapi,104071168,85,14,1414609,79218088,16466,91890,161177,0
binarytrees,32m,11,4.561043,103911424,win_psapi,103911424,85,14,1414609,79218088,16792,113257,160178,0
binarytrees,32m,12,4.396820,104058880,win_psapi,104058880,85,14,1414609,79218088,16253,99895,145053,0
binarytrees,32m,13,4.802566,103477248,win_psapi,103477248,85,14,1414609,79218088,16395,135920,203075,0
binarytrees,32m,14,4.328577,105213952,win_psapi,105213952,85,14,1414609,79218088,16546,94742,141827,0
binarytrees,32m,15,4.962919,104075264,win_psapi,104075264,85,14,1414609,79218088,17765,116934,208246,0
binarytrees,64m,1,3.221997,147058688,win_psapi,147058688,40,10,823504,46116208,17593,81427,196517,0
binarytrees,64m,2,3.079102,147423232,win_psapi,147423232,40,10,823504,46116208,16898,79996,178294,0
binarytrees,64m,3,3.080776,147505152,win_psapi,147505152,40,10,823504,46116208,18734,77914,177559,0
binarytrees,64m,4,3.069825,147222528,win_psapi,147222528,40,10,823504,46116208,17268,77337,205132,0
binarytrees,64m,5,3.374022,146923520,win_psapi,146923520,40,10,823504,46116208,19652,97188,259006,0
binarytrees,64m,6,3.158787,147161088,win_psapi,147161088,40,10,823504,46116208,17843,85985,198833,0
binarytrees,64m,7,3.251976,147296256,win_psapi,147296256,40,10,823504,46116208,18496,85578,230219,0
binarytrees,64m,8,3.597780,147148800,win_psapi,147148800,40,10,823504,46116208,19676,113973,240471,0
binarytrees,64m,9,3.468569,147398656,win_psapi,147398656,40,10,823504,46116208,18498,100602,279061,0
binarytrees,64m,10,3.464255,147005440,win_psapi,147005440,40,10,823504,46116208,19959,102792,239164,0
binarytrees,64m,11,3.436210,147128320,win_psapi,147128320,40,10,823504,46116208,19580,95727,246408,0
binarytrees,64m,12,3.256304,147070976,win_psapi,147070976,40,10,823504,46116208,19807,82608,203683,0
binarytrees,64m,13,3.121999,147394560,win_psapi,147394560,40,10,823504,46116208,18498,84956,199912,0
binarytrees,64m,14,3.329789,147247104,win_psapi,147247104,40,10,823504,46116208,19147,89793,255930,0
binarytrees,64m,15,3.323930,147312640,win_psapi,147312640,40,10,823504,46116208,21047,87309,203565,0
binarytrees,128m,1,2.653067,204234752,win_psapi,204234752,20,9,550894,30850048,22144,107965,158086,0
binarytrees,128m,2,2.693256,203718656,win_psapi,203718656,20,9,550894,30850048,23411,103723,151937,0
binarytrees,128m,3,2.622562,203960320,win_psapi,203960320,20,9,550894,30850048,22376,101790,141363,0
binarytrees,128m,4,2.564729,203612160,win_psapi,203612160,20,9,550894,30850048,21997,95863,149797,0
binarytrees,128m,5,2.575711,203952128,win_psapi,203952128,20,9,550894,30850048,21398,84341,146041,0
binarytrees,128m,6,2.588599,203808768,win_psapi,203808768,20,9,550894,30850048,22794,95979,148049,0
binarytrees,128m,7,2.596407,204042240,win_psapi,204042240,20,9,550894,30850048,22838,84301,140536,0
binarytrees,128m,8,2.554074,203649024,win_psapi,203649024,20,9,550894,30850048,21644,83841,140162,0
binarytrees,128m,9,2.670129,203554816,win_psapi,203554816,20,9,550894,30850048,23079,78653,156317,0
binarytrees,128m,10,2.609520,204218368,win_psapi,204218368,20,9,550894,30850048,22418,104318,141889,0
binarytrees,128m,11,2.641991,203759616,win_psapi,203759616,20,9,550894,30850048,22620,81154,154938,0
binarytrees,128m,12,2.550580,203984896,win_psapi,203984896,20,9,550894,30850048,20298,86702,151800,0
binarytrees,128m,13,2.513026,203915264,win_psapi,203915264,20,9,550894,30850048,20105,85070,148873,0
binarytrees,128m,14,2.547819,203698176,win_psapi,203698176,20,9,550894,30850048,21245,92828,142477,0
binarytrees,128m,15,2.589477,204169216,win_psapi,204169216,20,9,550894,30850048,21258,87180,151042,0
bench_gc_churn,16m,1,0.143929,25481216,win_psapi,25481216,28,0,70,3360,1154,1338,1428,0
bench_gc_churn,16m,2,0.142357,25444352,win_psapi,25444352,28,0,70,3360,1112,1169,1538,0
bench_gc_churn,16m,3,0.145943,25460736,win_psapi,25460736,28,0,70,3360,1105,1468,1623,0
bench_gc_churn,16m,4,0.143773,25415680,win_psapi,25415680,28,0,70,3360,1087,1376,1433,0
bench_gc_churn,16m,5,0.143933,25436160,win_psapi,25436160,28,0,70,3360,1086,1393,1598,0
bench_gc_churn,16m,6,0.144956,25473024,win_psapi,25473024,28,0,70,3360,1123,1310,1571,0
bench_gc_churn,16m,7,0.156688,25391104,win_psapi,25391104,28,0,70,3360,1089,1215,1498,0
bench_gc_churn,16m,8,0.146709,25432064,win_psapi,25432064,28,0,70,3360,1109,1378,1465,0
bench_gc_churn,16m,9,0.143806,25444352,win_psapi,25444352,28,0,70,3360,1124,1451,1505,0
bench_gc_churn,16m,10,0.143010,25452544,win_psapi,25452544,28,0,70,3360,1110,1504,1787,0
bench_gc_churn,16m,11,0.146377,25378816,win_psapi,25378816,28,0,70,3360,1113,1300,1540,0
bench_gc_churn,16m,12,0.142490,25423872,win_psapi,25423872,28,0,70,3360,1082,1308,1546,0
bench_gc_churn,16m,13,0.157400,25505792,win_psapi,25505792,28,0,70,3360,1099,1467,1712,0
bench_gc_churn,16m,14,0.170979,25411584,win_psapi,25411584,28,0,70,3360,1129,1492,1594,0
bench_gc_churn,16m,15,0.191171,25395200,win_psapi,25395200,28,0,70,3360,1129,1227,1454,0
bench_gc_churn,32m,1,0.144765,42205184,win_psapi,42205184,14,0,28,1344,1972,2088,2652,0
bench_gc_churn,32m,2,0.150158,42209280,win_psapi,42209280,14,0,28,1344,2104,2275,2628,0
bench_gc_churn,32m,3,0.152482,42168320,win_psapi,42168320,14,0,28,1344,2239,2559,2899,0
bench_gc_churn,32m,4,0.148962,42205184,win_psapi,42205184,14,0,28,1344,2026,2214,2456,0
bench_gc_churn,32m,5,0.185930,42205184,win_psapi,42205184,14,0,28,1344,2088,2390,2518,0
bench_gc_churn,32m,6,0.147475,42205184,win_psapi,42205184,14,0,28,1344,2000,2406,3979,0
bench_gc_churn,32m,7,0.146373,42176512,win_psapi,42176512,14,0,28,1344,2082,2565,2632,0
bench_gc_churn,32m,8,0.156842,42172416,win_psapi,42172416,14,0,28,1344,2064,2444,3541,0
bench_gc_churn,32m,9,0.148791,42164224,win_psapi,42164224,14,0,28,1344,2053,2304,2399,0
bench_gc_churn,32m,10,0.149516,42172416,win_psapi,42172416,14,0,28,1344,2025,2125,2657,0
bench_gc_churn,32m,11,0.152698,42164224,win_psapi,42164224,14,0,28,1344,2077,2225,2542,0
bench_gc_churn,32m,12,0.145632,42250240,win_psapi,42250240,14,0,28,1344,2003,2134,2400,0
bench_gc_churn,32m,13,0.151946,42180608,win_psapi,42180608,14,0,28,1344,2015,2364,2420,0
bench_gc_churn,32m,14,0.151215,42205184,win_psapi,42205184,14,0,28,1344,2111,2373,2717,0
bench_gc_churn,32m,15,0.190294,42258432,win_psapi,42258432,14,0,28,1344,2205,2466,2836,0
bench_gc_churn,64m,1,0.190984,75710464,win_psapi,75710464,7,0,17,816,3923,4168,4176,0
bench_gc_churn,64m,2,0.156637,75718656,win_psapi,75718656,7,0,17,816,3734,3972,4318,0
bench_gc_churn,64m,3,0.145241,75714560,win_psapi,75714560,7,0,17,816,3756,4061,4176,0
bench_gc_churn,64m,4,0.148377,75726848,win_psapi,75726848,7,0,17,816,3857,4188,4589,0
bench_gc_churn,64m,5,0.169266,75821056,win_psapi,75821056,7,0,17,816,3913,4449,4718,0
bench_gc_churn,64m,6,0.152984,75816960,win_psapi,75816960,7,0,17,816,3792,3961,4322,0
bench_gc_churn,64m,7,0.146880,75788288,win_psapi,75788288,7,0,17,816,3758,3829,4123,0
bench_gc_churn,64m,8,0.162059,75759616,win_psapi,75759616,7,0,17,816,3947,4196,12807,0
bench_gc_churn,64m,9,0.149503,75866112,win_psapi,75866112,7,0,17,816,3724,3946,4260,0
bench_gc_churn,64m,10,0.148991,75714560,win_psapi,75714560,7,0,17,816,3754,3847,4305,0
bench_gc_churn,64m,11,0.160035,75706368,win_psapi,75706368,7,0,17,816,3957,4121,4130,0
bench_gc_churn,64m,12,0.155431,75751424,win_psapi,75751424,7,0,17,816,3980,4106,4164,0
bench_gc_churn,64m,13,0.175462,75706368,win_psapi,75706368,7,0,17,816,3975,4192,4198,0
bench_gc_churn,64m,14,0.150064,75759616,win_psapi,75759616,7,0,17,816,3852,3867,4098,0
bench_gc_churn,64m,15,0.161118,75710464,win_psapi,75710464,7,0,17,816,3768,3834,4045,0
bench_gc_churn,128m,1,0.174743,142823424,win_psapi,142823424,3,0,6,288,7192,7192,7679,0
bench_gc_churn,128m,2,0.208828,142815232,win_psapi,142815232,3,0,6,288,7501,7501,7830,0
bench_gc_churn,128m,3,0.200494,142815232,win_psapi,142815232,3,0,6,288,7229,7229,7990,0
bench_gc_churn,128m,4,0.158142,142815232,win_psapi,142815232,3,0,6,288,7253,7253,7512,0
bench_gc_churn,128m,5,0.155723,142823424,win_psapi,142823424,3,0,6,288,7399,7399,7665,0
bench_gc_churn,128m,6,0.156609,142876672,win_psapi,142876672,3,0,6,288,7378,7378,7653,0
bench_gc_churn,128m,7,0.152641,142815232,win_psapi,142815232,3,0,6,288,7502,7502,7798,0
bench_gc_churn,128m,8,0.159203,142819328,win_psapi,142819328,3,0,6,288,7358,7358,7667,0
bench_gc_churn,128m,9,0.164902,142888960,win_psapi,142888960,3,0,6,288,7352,7352,8069,0
bench_gc_churn,128m,10,0.167569,142880768,win_psapi,142880768,3,0,6,288,8074,8074,8251,0
bench_gc_churn,128m,11,0.155007,142823424,win_psapi,142823424,3,0,6,288,7333,7333,7499,0
bench_gc_churn,128m,12,0.176497,142815232,win_psapi,142815232,3,0,6,288,7557,7557,7648,0
bench_gc_churn,128m,13,0.158612,142802944,win_psapi,142802944,3,0,6,288,7495,7495,7870,0
bench_gc_churn,128m,14,0.159273,142819328,win_psapi,142819328,3,0,6,288,7291,7291,7961,0
bench_gc_churn,128m,15,0.212210,142868480,win_psapi,142868480,3,0,6,288,7837,7837,11618,0
bench_gc_large_heap,16m,1,0.328155,93990912,win_psapi,93990912,2,0,524289,29360184,109667,109667,152716,0
bench_gc_large_heap,16m,2,0.347181,94171136,win_psapi,94171136,2,0,524289,29360184,124252,124252,150330,0
bench_gc_large_heap,16m,3,0.336602,94146560,win_psapi,94146560,2,0,524289,29360184,112230,112230,147525,0
bench_gc_large_heap,16m,4,0.345060,94130176,win_psapi,94130176,2,0,524289,29360184,106689,106689,160796,0
bench_gc_large_heap,16m,5,0.346380,94134272,win_psapi,94134272,2,0,524289,29360184,113396,113396,153111,0
bench_gc_large_heap,16m,6,0.356471,94126080,win_psapi,94126080,2,0,524289,29360184,119255,119255,157624,0
bench_gc_large_heap,16m,7,0.375911,94138368,win_psapi,94138368,2,0,524289,29360184,133697,133697,161746,0
bench_gc_large_heap,16m,8,0.339776,94146560,win_psapi,94146560,2,0,524289,29360184,109425,109425,152455,0
bench_gc_large_heap,16m,9,0.336079,94154752,win_psapi,94154752,2,0,524289,29360184,115411,115411,142380,0
bench_gc_large_heap,16m,10,0.354338,94216192,win_psapi,94216192,2,0,524289,29360184,129810,129810,149222,0
bench_gc_large_heap,16m,11,0.320674,94154752,win_psapi,94154752,2,0,524289,29360184,97691,97691,148513,0
bench_gc_large_heap,16m,12,0.337595,94199808,win_psapi,94199808,2,0,524289,29360184,108176,108176,151723,0
bench_gc_large_heap,16m,13,0.351884,94175232,win_psapi,94175232,2,0,524289,29360184,121449,121449,151249,0
bench_gc_large_heap,16m,14,0.343846,94117888,win_psapi,94117888,2,0,524289,29360184,118958,118958,144620,0
bench_gc_large_heap,16m,15,0.338333,94117888,win_psapi,94117888,2,0,524289,29360184,114745,114745,144274,0
bench_gc_large_heap,32m,1,0.338140,113090560,win_psapi,113090560,1,0,524289,29360184,256446,256446,256446,0
bench_gc_large_heap,32m,2,0.327924,113033216,win_psapi,113033216,1,0,524289,29360184,246753,246753,246753,0
bench_gc_large_heap,32m,3,0.321670,113061888,win_psapi,113061888,1,0,524289,29360184,244939,244939,244939,0
bench_gc_large_heap,32m,4,0.329232,113025024,win_psapi,113025024,1,0,524289,29360184,247761,247761,247761,0
bench_gc_large_heap,32m,5,0.369812,113033216,win_psapi,113033216,1,0,524289,29360184,281054,281054,281054,0
bench_gc_large_heap,32m,6,0.344606,113037312,win_psapi,113037312,1,0,524289,29360184,262845,262845,262845,0
bench_gc_large_heap,32m,7,0.384077,113070080,win_psapi,113070080,1,0,524289,29360184,299385,299385,299385,0
bench_gc_large_heap,32m,8,0.321824,113078272,win_psapi,113078272,1,0,524289,29360184,239390,239390,239390,0
bench_gc_large_heap,32m,9,0.327257,113053696,win_psapi,113053696,1,0,524289,29360184,248289,248289,248289,0
bench_gc_large_heap,32m,10,0.337838,113037312,win_psapi,113037312,1,0,524289,29360184,243694,243694,243694,0
bench_gc_large_heap,32m,11,0.340216,113065984,win_psapi,113065984,1,0,524289,29360184,260454,260454,260454,0
bench_gc_large_heap,32m,12,0.300183,113049600,win_psapi,113049600,1,0,524289,29360184,227979,227979,227979,0
bench_gc_large_heap,32m,13,0.302663,113086464,win_psapi,113086464,1,0,524289,29360184,221635,221635,221635,0
bench_gc_large_heap,32m,14,0.329804,113086464,win_psapi,113086464,1,0,524289,29360184,235734,235734,235734,0
bench_gc_large_heap,32m,15,0.327272,113135616,win_psapi,113135616,1,0,524289,29360184,250965,250965,250965,0
bench_gc_large_heap,64m,1,0.033954,43479040,win_psapi,43479040,0,0,0,0,0,0,0,0
bench_gc_large_heap,64m,2,0.030393,43479040,win_psapi,43479040,0,0,0,0,0,0,0,0
bench_gc_large_heap,64m,3,0.031343,43474944,win_psapi,43474944,0,0,0,0,0,0,0,0
bench_gc_large_heap,64m,4,0.030859,43474944,win_psapi,43474944,0,0,0,0,0,0,0,0
bench_gc_large_heap,64m,5,0.031019,43483136,win_psapi,43483136,0,0,0,0,0,0,0,0
bench_gc_large_heap,64m,6,0.030002,43474944,win_psapi,43474944,0,0,0,0,0,0,0,0
bench_gc_large_heap,64m,7,0.031924,43483136,win_psapi,43483136,0,0,0,0,0,0,0,0
bench_gc_large_heap,64m,8,0.030859,43487232,win_psapi,43487232,0,0,0,0,0,0,0,0
bench_gc_large_heap,64m,9,0.039884,43487232,win_psapi,43487232,0,0,0,0,0,0,0,0
bench_gc_large_heap,64m,10,0.033832,43483136,win_psapi,43483136,0,0,0,0,0,0,0,0
bench_gc_large_heap,64m,11,0.031278,43483136,win_psapi,43483136,0,0,0,0,0,0,0,0
bench_gc_large_heap,64m,12,0.029850,43474944,win_psapi,43474944,0,0,0,0,0,0,0,0
bench_gc_large_heap,64m,13,0.029896,43474944,win_psapi,43474944,0,0,0,0,0,0,0,0
bench_gc_large_heap,64m,14,0.029475,43474944,win_psapi,43474944,0,0,0,0,0,0,0,0
bench_gc_large_heap,64m,15,0.030207,43487232,win_psapi,43487232,0,0,0,0,0,0,0,0
bench_gc_large_heap,128m,1,0.029424,43503616,win_psapi,43503616,0,0,0,0,0,0,0,0
bench_gc_large_heap,128m,2,0.029602,43454464,win_psapi,43454464,0,0,0,0,0,0,0,0
bench_gc_large_heap,128m,3,0.032544,43483136,win_psapi,43483136,0,0,0,0,0,0,0,0
bench_gc_large_heap,128m,4,0.029229,43483136,win_psapi,43483136,0,0,0,0,0,0,0,0
bench_gc_large_heap,128m,5,0.029224,43503616,win_psapi,43503616,0,0,0,0,0,0,0,0
bench_gc_large_heap,128m,6,0.029217,43483136,win_psapi,43483136,0,0,0,0,0,0,0,0
bench_gc_large_heap,128m,7,0.030168,43499520,win_psapi,43499520,0,0,0,0,0,0,0,0
bench_gc_large_heap,128m,8,0.029271,43479040,win_psapi,43479040,0,0,0,0,0,0,0,0
bench_gc_large_heap,128m,9,0.030158,43479040,win_psapi,43479040,0,0,0,0,0,0,0,0
bench_gc_large_heap,128m,10,0.031868,43479040,win_psapi,43479040,0,0,0,0,0,0,0,0
bench_gc_large_heap,128m,11,0.031244,43479040,win_psapi,43479040,0,0,0,0,0,0,0,0
bench_gc_large_heap,128m,12,0.030461,43474944,win_psapi,43474944,0,0,0,0,0,0,0,0
bench_gc_large_heap,128m,13,0.030359,43479040,win_psapi,43479040,0,0,0,0,0,0,0,0
bench_gc_large_heap,128m,14,0.031587,43479040,win_psapi,43479040,0,0,0,0,0,0,0,0
bench_gc_large_heap,128m,15,0.030396,43487232,win_psapi,43487232,0,0,0,0,0,0,0,0
